"Daily","epa_mean","pa_mean"
"1/1/2018",6.8628321255000015,6.4111805556666654
"1/1/2019",7.634027777833326,10.304215425416666
"1/1/2020",5.395486111083344,11.702977940882313
"1/10/2018",10.838131641500006,35.36704861166667
"1/10/2019",8.202702020333335,7.036227282500004
"1/10/2020",13.822736110833297,23.197548245526335
"1/11/2018",4.15131818190909,11.710277780499991
"1/11/2019",13.393750000000011,25.215836966666664
"1/11/2020",3.754166666571433,7.260371610578941
"1/12/2018",4.786805555333334,6.8025347221666665
"1/12/2019",14.973848484545437,34.83379224541677
"1/12/2020",7.910119047571429,6.774841008605277
"1/13/2018",4.8061791382857155,2.638958333333334
"1/13/2019",4.08541666666667,12.599978390416666
"1/13/2020",9.777777777416691,17.434490131578986
"1/14/2018",7.794830578545455,8.395902778000004
"1/14/2019",9.576690821833326,18.780434816666652
"1/14/2020",14.350000000000012,26.22258384078948
"1/15/2018",7.617361112333334,21.52815972
"1/15/2019",10.12277661263635,21.67174559833333
"1/15/2020",17.865561224285756,30.911315788420975
"1/16/2018",7.088134057999999,18.887291665000003
"1/16/2019",4.795138889000003,12.014928886125011
"1/16/2020",10.623009057999997,19.869341008947355
"1/17/2018",12.954348485181818,20.88958333333332
"1/17/2019",15.417261902857163,22.40015031041667
"1/17/2020",6.272023809571425,7.492927631999999
"1/18/2018",13.703987283333333,28.065208331666668
"1/18/2019",10.54936363727271,25.42272267583331
"1/18/2020",7.686541125428573,11.818605530157885
"1/19/2018",11.526957071666667,24.277673611666657
"1/19/2019",4.913888888833332,8.274121588500002
"1/19/2020",7.509624999999998,7.727044956052621
"1/2/2018",7.452878787545453,14.901654228333335
"1/2/2019",10.768749999000008,23.142491832916637
"1/2/2020",7.407142856999989,5.13618709152941
"1/20/2018",12.85066666636364,21.02107639000002
"1/20/2019",4.836944444333335,2.634711256875002
"1/20/2020",6.707712214857149,7.799671052394746
"1/21/2018",15.710416668333336,36.58850694499999
"1/21/2019",8.493793916636356,5.215454525624999
"1/21/2020",10.627759739571424,19.557883188157874
"1/22/2018",6.8496031745,18.877326389999997
"1/22/2019",9.545138888833343,11.710089357375004
"1/22/2020",12.375727656666685,26.48888157973676
"1/23/2018",5.027701298727274,6.555243055500007
"1/23/2019",11.07847222383334,24.264782407083345
"1/23/2020",11.38452380957145,23.91675998473684
"1/24/2018",6.264402173833333,13.832673611666667
"1/24/2019",14.42475757636365,38.1575229870833
"1/24/2020",15.85263975142855,34.377366681579026
"1/25/2018",12.181944446666668,25.255798609999985
"1/25/2019",5.365313852571428,4.061618663458336
"1/25/2020",7.7586666666666675,14.295380482894759
"1/26/2018",7.828252964454546,16.170069444999992
"1/26/2019",11.760529892499994,10.322342518625009
"1/26/2020",8.25833333285715,21.34167763131581
"1/27/2018",8.575833334,12.496835104999995
"1/27/2019",11.937641148181827,23.62219147499994
"1/27/2020",14.199184781428594,24.628867348157865
"1/28/2018",10.233031401499998,21.23267360833334
"1/28/2019",12.133031401666688,27.716203826666625
"1/28/2020",10.008168807500022,15.61627741271051
"1/29/2018",3.5998787879090903,4.592222222333327
"1/29/2019",6.156728778428578,5.243077718291668
"1/29/2020",10.661542443571436,18.214665570526314
"1/3/2018",9.657142857571428,17.932833333750004
"1/3/2019",8.586742424545477,16.01325040625001
"1/3/2020",10.798074074111117,17.978186100555583
"1/30/2018",6.745380434833335,9.787604166166666
"1/30/2019",5.975354312363648,3.0686024307083386
"1/30/2020",14.462204968571411,22.867232821842116
"1/31/2018",7.748938923428573,11.894201389999994
"1/31/2019",7.037261904714285,4.591291298791671
"1/31/2020",15.127777778333332,31.27350328921063
"1/4/2018",5.9722222223333326,5.8327430556666675
"1/4/2019",10.673248792833336,15.96836332083334
"1/4/2020",7.808083333583318,16.71022569452778
"1/5/2018",6.679727272727273,5.8148611111666675
"1/5/2019",12.653125001250004,24.2572060945834
"1/5/2020",5.695833333428575,9.637997684805551
"1/6/2018",8.547222222833332,5.981041666666664
"1/6/2019",5.682116600818179,9.823020833291656
"1/6/2020",4.5505952381428605,5.007991898138884
"1/7/2018",10.79027777666667,17.392777778333333
"1/7/2019",11.049434563333348,17.16400766416665
"1/7/2020",6.209831349249995,8.66364583363889
"1/8/2018",17.31337878727273,37.94229166499997
"1/8/2019",11.135175121166656,24.861098551666664
"1/8/2020",4.494723731875002,2.6416203703611125
"1/9/2018",24.956287440000004,51.506354166666625
"1/9/2019",5.477227272727272,7.4153125002083335
"1/9/2020",6.411458333250003,7.580878152249982
"10/1/2018",8.895169081500008,19.405151515000018
"10/1/2019",10.574999999999987,13.902638457500014
"10/10/2017",5.338280991727273,7.037499999999997
"10/10/2018",4.779861111000002,6.418821022625005
"10/10/2019",9.452649457750011,13.146688987857141
"10/11/2017",3.404166666833333,4.84875
"10/11/2018",2.4559545454545457,1.7416055254583305
"10/11/2019",5.419642857142857,9.648348214285722
"10/12/2017",6.192934782666668,12.860729165
"10/12/2018",3.5126207728333387,5.130786790791668
"10/12/2019",3.1338472222500053,2.4819728343214273
"10/13/2017",6.665303030272728,20.653229165000003
"10/13/2018",6.430555555500003,17.004131945125014
"10/13/2019",3.533928571285708,3.3701363031785694
"10/14/2017",7.589583333333333,31.241354164999994
"10/14/2018",10.457909090272736,20.12269097125
"10/14/2019",4.797619047571433,2.553288690535716
"10/15/2017",2.912741546,3.736875
"10/15/2018",4.507518116166667,14.336232638458334
"10/15/2019",7.907791667000013,11.487261904035726
"10/16/2017",3.724727272727272,5.125416666500001
"10/16/2018",3.0996678744999997,7.272664930499998
"10/16/2019",3.3582792207142833,4.484397321357145
"10/17/2017",4.385595238142857,7.238125000000003
"10/17/2018",4.01031818181818,3.1814796401666654
"10/17/2019",5.149534161428571,4.318221726285713
"10/18/2017",5.856603692166668,6.800625000000001
"10/18/2018",5.104166666666663,8.578163194458334
"10/18/2019",8.409055555833332,12.127953869642848
"10/19/2017",6.4242595520000005,7.860104166999997
"10/19/2018",5.182142857142855,7.932653406666674
"10/19/2019",8.202380951857139,10.09077380892858
"10/2/2018",4.361612579181819,9.566174242272734
"10/2/2019",5.007619047571432,4.050062111749995
"10/20/2017",15.670561595,20.93302083
"10/20/2018",3.8244848485454597,5.04465277783334
"10/20/2019",11.560714287142847,19.5320014875
"10/21/2017",7.905952380428571,17.945520829999992
"10/21/2018",2.7979166666666675,2.17559027775
"10/21/2019",6.734431818499998,14.683005951428562
"10/22/2017",5.097859504090909,10.084999998500003
"10/22/2018",5.005055994833335,6.956484375083337
"10/22/2019",4.2493012422857195,2.089449842357144
"10/23/2017",3.8418995860000007,5.612708333000001
"10/23/2018",3.974727272727271,4.030043402833341
"10/23/2019",5.488419913285716,3.8068526785714267
"10/24/2017",3.443750000000001,5.508020833499999
"10/24/2018",4.75,7.760902777874999
"10/24/2019",4.435486111083329,5.767744565178576
"10/25/2017",4.475623847090909,3.6484374999999987
"10/25/2018",5.114583333333334,10.806354166458334
"10/25/2019",7.941071428714289,9.632037628250005
"10/26/2017",6.7307359312857145,12.897499999999999
"10/26/2018",10.960606060909099,24.024756944166622
"10/26/2019",9.12645238142857,24.488037530000017
"10/27/2017",3.576699448,5.945520832999999
"10/27/2018",9.913690477142865,25.322092013750037
"10/27/2019",6.134930555250007,10.827528208107129
"10/28/2017",2.6798030302727276,2.158750000000001
"10/28/2018",6.572222222833327,26.532751735833333
"10/28/2019",9.664880951857146,18.103523798124993
"10/29/2017",2.560876623428572,4.9772916669999985
"10/29/2018",7.61327272727273,13.630894097249998
"10/29/2019",6.183854166749989,11.191848843750025
"10/3/2018",7.298129252285715,14.112149621499999
"10/3/2019",3.9323339370833414,2.305899981035722
"10/30/2017",3.762333916,8.334687500000003
"10/30/2018",9.424999998333332,21.21912326375001
"10/30/2019",3.5809166666666585,7.474403645937488
"10/31/2017",3.267333333454545,3.594270833499999
"10/31/2018",9.731944445000009,33.16820312541669
"10/31/2019",4.338095238142847,4.43657643684375
"10/4/2018",3.6326992751666642,5.664267361000001
"10/4/2019",3.7071428571428577,1.0541592261071424
"10/5/2017",5.885748792166667,2.924285714
"10/5/2018",7.317636363636367,11.31221354095831
"10/5/2019",6.116774891714293,6.10092261885715
"10/6/2017",10.357472222833334,16.50927083
"10/6/2018",5.7052083333749986,17.344861110958323
"10/6/2019",4.045118464000002,5.195164482035715
"10/7/2017",7.483757575727274,19.754166670000014
"10/7/2018",4.5131944445000025,5.215920138916665
"10/7/2019",6.2981601731428505,4.329233631
"10/8/2017",5.270833333142858,4.6432291669999985
"10/8/2018",10.076666666636351,23.750303819583326
"10/8/2019",9.12626811662501,8.848824404892868
"10/9/2017",10.365833332833333,16.287916665
"10/9/2018",9.376841786666668,20.49208130208331
"10/9/2019",8.546684014583333,7.449627976071397
"11/1/2017",6.7631901312857154,13.627916665
"11/1/2018",2.9936212121818158,16.24701967495835
"11/1/2019",7.495833332857144,13.559600497406262
"11/10/2017",6.861111111166667,9.027708333500001
"11/10/2018",3.7541818181818196,10.796636018041648
"11/10/2019",11.239984471428583,21.412319786249988
"11/11/2017",8.150000000666667,14.325729164999997
"11/11/2018",6.284722222166668,11.815194834541693
"11/11/2019",2.954180555583333,3.9308122784375077
"11/12/2017",9.890333333636365,38.04520833499999
"11/12/2018",8.688194445500002,24.98536120875002
"11/12/2019",3.834068867857148,1.3913253545
"11/13/2017",21.676449274999996,63.43302083000001
"11/13/2018",4.985297101545455,12.271744791833338
"11/13/2019",5.878416148571431,4.535008449687494
"11/14/2017",14.26519151142857,51.46729167
"11/14/2018",6.49513888883333,15.061779513333331
"11/14/2019",12.421295839166666,20.562513020937534
"11/15/2017",6.655469697272728,25.582291665000014
"11/15/2018",14.012337662857146,31.211501736250025
"11/15/2019",15.985714285714302,31.877714460588273
"11/16/2017",4.186865942,11.932291665
"11/16/2018",11.182196969090935,32.200781250416746
"11/16/2019",11.736309524285714,31.010286458125012
"11/17/2017",9.454303460428571,21.180909723333333
"11/17/2018",7.9819444445,22.202109374583344
"11/17/2019",14.78708333333335,23.337661791250056
"11/18/2017",5.824454545454544,27.095208329999995
"11/18/2018",7.4881944443333355,10.734880501166655
"11/18/2019",11.605697279999983,34.55706809764705
"11/19/2017",6.4119047618571425,15.519687500000003
"11/19/2018",13.848538567454518,29.423380887500006
"11/19/2019",12.080357141428582,23.472295346562436
"11/2/2017",7.539583333166668,30.024687499999995
"11/2/2018",4.098863636333332,15.51998264024998
"11/2/2019",5.5761111111666635,13.008222656156299
"11/20/2017",6.0774572650000005,8.0669375
"11/20/2018",6.508967391166674,18.03233168154167
"11/20/2019",10.990847222500015,28.810566405625053
"11/21/2017",6.087873278181818,7.55984375
"11/21/2018",7.225378787833326,19.028805222916663
"11/21/2019",7.875113378857143,17.148273891250017
"11/22/2017",5.7444444443333325,6.171041666500002
"11/22/2018",9.710984848818185,17.487436466250028
"11/22/2019",6.5559173674285685,4.5275065104999985
"11/23/2017",9.734722223333332,13.569062502500001
"11/23/2018",12.84120370333334,39.48138020833333
"11/23/2019",15.270069444166644,22.92078776031254
"11/24/2017",7.994378787636365,23.43203124999999
"11/24/2018",5.890277777166669,22.459410961666652
"11/24/2019",9.861438923428583,15.382035472499988
"11/25/2017",5.9375,7.807500000000001
"11/25/2018",4.956751336909084,18.364453124458386
"11/25/2019",13.698095238142852,13.959058166058828
"11/26/2017",8.480555555500002,13.412447917500005
"11/26/2018",2.971742424166668,5.079829727458338
"11/26/2019",14.048576178333326,19.754889706764722
"11/27/2017",11.945924242727271,27.874687500000014
"11/27/2018",4.969685990857136,10.63929687533335
"11/27/2019",6.22262987014286,12.847000684499976
"11/28/2017",7.604632505285713,13.734791669999996
"11/28/2018",9.975787878181823,20.05513020845834
"11/28/2019",2.6223169191250046,1.7703982843235284
"11/29/2017",5.267361110999999,3.9994270835
"11/29/2018",15.448809522857143,31.86985243083334
"11/29/2019",8.583726010000001,10.297754996970603
"11/3/2017",5.257841597818182,21.313645835000013
"11/3/2018",4.833333333428574,9.000954861249994
"11/3/2019",4.285714285571427,5.420596168156251
"11/30/2017",6.010939394000001,8.004010416749995
"11/30/2018",22.29891304285715,54.70790798583342
"11/30/2019",12.295952381000012,23.849107049705903
"11/4/2017",8.536805555,16.368020835000003
"11/4/2018",5.616181818181821,39.002178819458386
"11/4/2019",5.094426407142859,4.542836296718757
"11/5/2017",10.727222222333333,34.15989583499999
"11/5/2018",3.7744565216666666,11.4419474636087
"11/5/2019",5.656583333333347,7.9668649387500245
"11/6/2017",4.7056743918181825,14.439791665000001
"11/6/2018",3.0400621118333357,8.880036231565217
"11/6/2019",7.285507246428574,9.686101562718738
"11/7/2017",5.62554112542857,6.634270833499998
"11/7/2018",2.501893939363636,6.036050724478269
"11/7/2019",4.1873641305000024,8.699114583874975
"11/8/2017",11.665151516666667,20.547083335
"11/8/2018",5.254166666714279,15.349536649260882
"11/8/2019",4.867962301583337,4.039516858624993
"11/9/2017",7.187909090636364,22.327604170000004
"11/9/2018",5.839880952428569,28.37888640666664
"11/9/2019",7.99389233957142,9.45730468728127
"12/1/2017",9.731250000000001,13.903854167500002
"12/1/2018",12.513136362727264,35.911953125416595
"12/1/2019",6.221118011857144,12.077560383352935
"12/10/2017",6.006944444500001,8.661614584249998
"12/10/2018",21.316469697272737,47.23766492945812
"12/10/2019",6.323966346124998,5.824736674437513
"12/11/2017",13.533493588833332,28.29645833500001
"12/11/2018",23.474932065000008,41.80039930583338
"12/11/2019",13.64687499999998,14.273925781062472
"12/12/2017",3.2348484848181824,12.536302082499994
"12/12/2018",15.76964285857143,34.13823822512502
"12/12/2019",9.761458334125008,20.768382352941217
"12/13/2017",5.380606617624999,8.055937500250002
"12/13/2018",23.00976331727274,43.397291667208336
"12/13/2019",11.946428570857135,11.937546296111119
"12/14/2017",5.588379917285715,5.74656249975
"12/14/2018",24.36874999999999,41.49238659874997
"12/14/2019",21.121181372500025,37.17112132382355
"12/15/2017",5.048181818181817,10.625468752500002
"12/15/2018",16.415476191428574,41.81748263875004
"12/15/2019",10.831547618142878,23.924234068529405
"12/16/2017",8.269270833375002,11.155677083250001
"12/16/2018",14.40916666636363,24.796545139166643
"12/16/2019",9.514285714285727,23.904315972499994
"12/17/2017",18.1125,38.913541665000004
"12/17/2018",6.894444444499993,11.375812093958338
"12/17/2019",12.26724074133333,16.976783088235283
"12/18/2017",12.834393340818183,30.318489585000044
"12/18/2018",13.481892291666702,24.325972222083337
"12/18/2019",5.862142857142864,10.513829657176494
"12/19/2017",8.302928743833336,24.616510415000004
"12/19/2018",11.900212120909094,23.005286458750007
"12/19/2019",14.909575568571412,17.84006114382353
"12/2/2017",17.00486111,20.447031252499993
"12/2/2018",3.6744791666250003,15.86220297375
"12/2/2019",3.371089181333339,3.7898657213235354
"12/20/2017",4.169565217333333,4.130260416750002
"12/20/2018",18.875883838333365,31.617404514166676
"12/20/2019",24.839430555000014,43.88395833323516
"12/21/2017",11.605923583636365,17.44767361499998
"12/21/2018",7.173783643999995,20.115824652500017
"12/21/2019",14.615476190000008,27.744981331305556
"12/22/2017",17.035265699999997,38.56585119000002
"12/22/2018",11.256818181818183,16.765833332791676
"12/22/2019",11.984523808142855,24.564613969999954
"12/23/2017",11.570138891166666,31.785520832499994
"12/23/2018",9.154861110166664,23.011238162083337
"12/23/2019",16.856791667499976,26.65844112617645
"12/24/2017",7.470757575818182,17.539871031666678
"12/24/2018",7.702083332666673,8.120059791250014
"12/24/2019",13.649358378571456,30.484853008888926
"12/25/2017",4.829861111166667,7.508055555666666
"12/25/2018",12.241954545454549,17.530462124583334
"12/25/2019",8.324999999428584,14.499350490588235
"12/26/2017",4.766817632666668,12.77333333329999
"12/26/2018",22.85513888833333,40.83103798833336
"12/26/2019",6.454981884166657,9.030240404205843
"12/27/2017",11.068924242727268,10.722833333699995
"12/27/2018",9.109161490714294,19.381674862083326
"12/27/2019",14.419905627700038,22.37351715705883
"12/28/2017",13.610416664999999,19.18909722166667
"12/28/2018",5.373378787909093,7.159834165499993
"12/28/2019",22.886904761428568,39.114056372941164
"12/29/2017",17.668055556666665,37.76322916833335
"12/29/2018",8.12291666666667,13.186154514041675
"12/29/2019",6.433145531333332,15.806852664411755
"12/3/2017",24.03130303,50.40442708250002
"12/3/2018",3.545833333500001,4.103858045166671
"12/3/2019",7.7594666011428615,13.93857230452942
"12/30/2017",9.244409090909087,23.77829861000002
"12/30/2018",8.861805555000005,16.99819444416667
"12/30/2019",4.60654761914285,4.969945812277783
"12/31/2017",5.508333333333332,7.118020833499996
"12/31/2018",11.06131818090909,24.47982601945838
"12/31/2019",4.872614906857142,5.397669027970586
"12/4/2017",10.97777777733333,19.472968750000007
"12/4/2018",4.451969697,16.561970486041634
"12/4/2019",6.493075181249996,7.676221102323534
"12/5/2017",5.3203373015,9.936354168500005
"12/5/2018",7.392857143428576,14.888697918458314
"12/5/2019",9.41806944500001,13.381735910676458
"12/6/2017",4.161348484818181,5.5828125
"12/6/2018",8.27239583325001,20.58660590291665
"12/6/2019",9.396136363124986,12.144791666676484
"12/7/2017",4.138194444500001,7.013593749999998
"12/7/2018",7.772727272454545,14.883255207625005
"12/7/2019",8.217261904285726,13.105263480205894
"12/8/2017",5.187500000166666,4.057031249999998
"12/8/2018",11.98035714285714,26.182673611250017
"12/8/2019",13.998249999999997,25.29246744843749
"12/9/2017",6.245863636363636,12.671666666749992
"12/9/2018",18.67916666571427,45.194887152083346
"12/9/2019",9.352088879571436,26.76192957593751
"2/1/2018",5.363651515181819,11.289826388833346
"2/1/2019",18.081016900000026,15.721388888750015
"2/1/2020",14.058914884749976,28.17417214921051
"2/10/2018",7.01071212127273,14.514755434999994
"2/10/2019",13.806944445000012,23.84835937529166
"2/10/2020",11.05488095242857,21.592876462368427
"2/11/2018",7.097222222666664,12.98857638833334
"2/11/2019",14.532267217272716,40.754737215291726
"2/11/2020",11.073214285285733,25.57851425447371
"2/12/2018",10.034027778333334,13.949131943333335
"2/12/2019",7.413194444500011,20.74146621541668
"2/12/2020",11.400597221666658,20.504523026052706
"2/13/2018",19.01030303,22.536805556666685
"2/13/2019",10.452053140499993,16.51557029166665
"2/13/2020",6.234083850999991,15.292434211315785
"2/14/2018",21.774999998333328,58.41527777666667
"2/14/2019",7.175848484909093,10.667552890166688
"2/14/2020",9.57039337385714,6.1948629386315766
"2/15/2018",17.2306696425,43.22527999333334
"2/15/2019",9.117261905285705,19.38574048862501
"2/15/2020",8.961407608666658,12.441496710052638
"2/16/2018",8.413119834818177,20.571979166666694
"2/16/2019",6.810416666499998,8.923857267083342
"2/16/2020",11.845833332857127,20.171678832894713
"2/17/2018",12.159722221666664,17.029270831666665
"2/17/2019",8.023484848454558,16.918882135000036
"2/17/2020",15.438690477142844,33.09091557026324
"2/18/2018",12.167361111666672,32.46454861166667
"2/18/2019",5.933333333250001,14.022755681500001
"2/18/2020",8.776486110583326,23.111938259736824
"2/19/2018",7.201621212090907,18.879756943333327
"2/19/2019",10.975694443333326,17.959323593636352
"2/19/2020",4.342022263571435,6.668279505394734
"2/2/2018",4.74930555566667,2.4211953310000003
"2/2/2019",23.682500000000047,49.342514994166585
"2/2/2020",4.802976190571434,8.797160087947363
"2/20/2018",5.4265522875,11.146631944333325
"2/20/2019",10.713992094545446,25.204046266363665
"2/20/2020",4.87721088428572,4.089775219210526
"2/21/2018",6.132333333333334,15.432881944999991
"2/21/2019",10.621894411428562,26.690421716363645
"2/21/2020",11.452000000000014,10.387253290263153
"2/22/2018",6.09165151518182,7.743368055499997
"2/22/2019",16.249972050000007,44.22156818181821
"2/22/2020",6.6589285712857285,12.33642128792498
"2/23/2018",8.5027777785,22.010347223333333
"2/23/2019",15.168015151818185,49.456519524090886
"2/23/2020",8.242857143285702,15.18569385150003
"2/24/2018",10.438194444499997,29.09489583166665
"2/24/2019",8.287892511333332,18.11399862318183
"2/24/2020",7.239756313083336,13.984062500249982
"2/25/2018",5.354424242454546,14.987013889999988
"2/25/2019",3.5625,3.944612739090906
"2/25/2020",5.800833333571429,7.189619791749992
"2/26/2018",6.3222222220000015,7.65069444433333
"2/26/2019",6.163411067181808,5.915520833454549
"2/26/2020",3.4226190475714233,3.3527291666750036
"2/27/2018",4.565738910833333,8.078749999833331
"2/27/2019",11.925118030000007,29.678561210454564
"2/27/2020",4.5615972222500005,6.294302083375011
"2/28/2018",7.148036890727275,9.065486110499998
"2/28/2019",10.136111111666665,14.057460886954543
"2/28/2020",3.782142857285707,5.7774316123250005
"2/29/2020",3.4244791666250065,3.8310655712499875
"2/3/2018",4.691666666833332,5.163974531500003
"2/3/2019",13.773214285714298,29.183094353749965
"2/3/2020",8.301802536500018,10.406069078421083
"2/4/2018",4.495196969636365,5.206290760833335
"2/4/2019",11.186309524285722,24.96630729083334
"2/4/2020",2.962500000000006,1.5173410087894705
"2/5/2018",6.379861111833334,5.985243055499997
"2/5/2019",7.858826446363638,13.35552045570833
"2/5/2020",2.0430194805714237,1.52947368418421
"2/6/2018",15.364583333333334,19.259027778333333
"2/6/2019",10.043118686166673,23.099101540416694
"2/6/2020",3.0908194444166672,1.4517008667105302
"2/7/2018",15.849136363636365,30.111805554999993
"2/7/2019",7.182940821333337,11.854425843166661
"2/7/2020",8.460952381428566,8.331045201815792
"2/8/2018",16.061805555000007,31.032881945
"2/8/2019",4.446772727272729,2.4345612981250113
"2/8/2020",10.948214284714298,18.130213815078953
"2/9/2018",14.807638888333335,41.18652777833333
"2/9/2019",8.192777777666668,4.95405521666666
"2/9/2020",12.141027778333346,24.73197254368426
"3/1/2018",7.205095238142855,13.070381941666662
"3/1/2019",11.70165277833332,20.655956439545516
"3/1/2020",6.43190277775002,10.560572917125016
"3/10/2018",4.366071428428571,7.693776041500003
"3/10/2019",8.980777776916671,17.940393939545437
"3/10/2020",7.76434848483334,8.577992063547645
"3/11/2018",3.5979166666666678,7.727351190374994
"3/11/2019",6.4583333331249975,10.663892045454542
"3/11/2020",12.590353260875014,21.161449296250016
"3/12/2018",7.051636363909091,19.340234375
"3/12/2019",14.000904762857116,28.238170534545446
"3/12/2020",10.895682621857151,26.343423436315735
"3/13/2018",5.347888888833336,12.659010417750002
"3/13/2019",8.548972221666666,14.587177627272744
"3/13/2020",4.343658212500006,7.793292358682937
"3/14/2018",6.395138888833334,10.574765624999998
"3/14/2019",9.720833333142867,9.045524950181814
"3/14/2020",3.848214285714274,4.795305958880954
"3/15/2018",7.91009090909091,16.710260417500002
"3/15/2019",5.010869565124993,5.984261363681815
"3/15/2020",3.7625000001428632,4.1879504099285745
"3/16/2018",4.423943236666664,7.293203125000002
"3/16/2019",5.735375000000002,4.74540719695455
"3/16/2020",11.267944444999985,15.355873332309546
"3/17/2018",7.619791666666663,13.08767484875
"3/17/2019",10.587500000999999,16.360059840454507
"3/17/2020",7.113710412428574,19.413437723571445
"3/18/2018",10.42568181818182,20.289722223333346
"3/18/2019",14.19940476142857,26.185669930454587
"3/18/2020",12.19345238185713,21.057603391904756
"3/19/2018",5.454196859833335,16.287534721666674
"3/19/2019",11.719621031666668,20.980653409545443
"3/19/2020",9.606627414999982,24.53133630190469
"3/2/2018",6.853598485000003,13.480833333333338
"3/2/2019",11.60989583375001,27.458054528636374
"3/2/2020",7.98071428571429,14.136959812924973
"3/20/2018",3.468849206428571,3.464618055500002
"3/20/2019",16.43035714285715,30.520912733181856
"3/20/2020",4.231898496285721,3.956312894190467
"3/21/2018",3.359333333363637,3.3675000000000006
"3/21/2019",13.248638717142859,30.823249368636347
"3/21/2020",3.657142857142858,2.519895045785716
"3/22/2018",6.043494151999999,6.047986110500004
"3/22/2019",4.566486111083332,6.64005380372726
"3/22/2020",9.506263889166641,14.646891062452344
"3/23/2018",2.459490740666666,3.8178124994999996
"3/23/2019",12.270047621428555,10.34242767855
"3/23/2020",10.911904763285724,21.82751365738095
"3/24/2018",4.139712121090909,5.787291666666665
"3/24/2019",12.59047619142857,21.233104167000022
"3/24/2020",15.183333334285718,35.14190444523808
"3/25/2018",3.2375000000000003,4.260592105249998
"3/25/2019",3.3541388889166712,3.4118090276999964
"3/25/2020",13.342285024166692,31.852826872618987
"3/26/2018",9.344472315333338,12.135260416124995
"3/26/2019",5.974091850142852,1.300033118099999
"3/26/2020",8.081262939428562,17.697560876190497
"3/27/2018",7.974015151545459,22.86302951500002
"3/27/2019",10.31314614800001,12.068802083000014
"3/27/2020",9.908928571857142,17.647790549285734
"3/28/2018",12.498611111666666,21.92597887166666
"3/28/2019",15.561809178333341,27.804351017500014
"3/28/2020",7.829222221916636,19.027422244999947
"3/29/2018",16.16388888666667,48.945937499999985
"3/29/2019",7.977380952714284,12.071422428650017
"3/29/2020",3.2215909090000046,5.732436403605268
"3/3/2018",5.165939393909088,7.26607638883334
"3/3/2019",5.905357142857141,9.53050068513636
"3/3/2020",6.691666666571442,16.32662499975
"3/30/2018",5.460540244363639,20.825182292125017
"3/30/2019",5.004574275500006,8.147513133799999
"3/30/2020",3.8595238095714275,1.7109489112750025
"3/31/2018",7.255277777833332,17.014618053333333
"3/31/2019",4.162138888916667,1.9487087766000017
"3/31/2020",3.0428937197499932,3.8344321006500035
"3/4/2018",6.5047619048571415,6.426805555666668
"3/4/2019",7.2803712119999995,5.662178030181821
"3/4/2020",5.560833333333333,5.321114583299996
"3/5/2018",3.2312500000000006,4.079722222166664
"3/5/2019",6.391666666571423,5.234943813181813
"3/5/2020",5.199479166624997,8.281843196050016
"3/6/2018",8.07986363672727,18.144062501666696
"3/6/2019",7.193561076714283,5.880304924318185
"3/6/2020",3.5999999999999965,3.5359871334249946
"3/7/2018",3.797222222,8.579203125000005
"3/7/2019",13.70822222166667,15.090659722272719
"3/7/2020",6.3029722221666615,9.182421985824996
"3/8/2018",4.507177871142857,3.5998958333333335
"3/8/2019",19.11647051,37.81225378954542
"3/8/2020",5.798214285857146,9.509594792024988
"3/9/2018",5.0882272727272735,17.51242006250003
"3/9/2019",15.088770833750015,42.169192551227276
"3/9/2020",8.704058440857143,16.094386337857152
"4/1/2018",4.1513888890000015,4.943437499833333
"4/1/2019",7.689078674857134,9.005009067199996
"4/1/2020",5.879761904714295,5.919021180500002
"4/10/2018",11.529166666666665,27.43815972166665
"4/10/2019",4.489062500125003,2.6431666666500053
"4/10/2020",4.643452380999999,4.0521548266875
"4/11/2018",15.775039945454552,32.867118054999985
"4/11/2019",8.488541666750004,13.184072916349987
"4/11/2020",8.578571430000004,16.06428924450002
"4/12/2018",13.128914141666664,33.201562498333345
"4/12/2019",5.386218434250002,9.192260417
"4/12/2020",6.227583333083339,12.022896713660014
"4/13/2018",8.521527778333338,20.94495833374998
"4/13/2019",4.930729166625004,2.258749999949998
"4/13/2020",4.19226190471429,6.735573217309521
"4/14/2018",2.2284848484545443,6.111197917125002
"4/14/2019",3.747348484714283,3.9496875000999987
"4/14/2020",5.13447675514286,6.061161791452383
"4/15/2018",2.2121212121666667,2.05830729175
"4/15/2019",4.911083333333333,6.454562500000019
"4/15/2020",6.036847222250002,8.928061391874989
"4/16/2018",4.3876180279999994,7.652161458250004
"4/16/2019",10.061904761428572,9.173900462944445
"4/16/2020",5.910653409125006,7.740289122699987
"4/17/2018",4.901454545545455,5.629423611100006
"4/17/2019",14.782660455714284,29.02818286999999
"4/17/2020",8.390553830285716,14.790588852999988
"4/18/2018",5.095548654166665,10.375778352700006
"4/18/2019",7.6989166664166655,15.885335647944437
"4/18/2020",8.830946256083346,18.80251883674998
"4/19/2018",5.908531745833332,5.395520833299995
"4/19/2019",3.303826530571425,2.321006944499999
"4/19/2020",5.942857142857136,11.240987547674983
"4/2/2018",9.795909090909092,11.553888889999989
"4/2/2019",11.35000000142857,16.855867908499977
"4/2/2020",5.8916666662857,8.437707115225
"4/20/2018",7.865560606090915,11.129916667299991
"4/20/2019",3.877355072285708,1.3182870370000008
"4/20/2020",8.269372294857137,6.654621150324995
"4/21/2018",7.415277777666668,6.1336458333000055
"4/21/2019",7.684038647333341,8.774444445111104
"4/21/2020",5.240089975833334,3.5000570200238075
"4/22/2018",7.688888888833328,7.699496527833339
"4/22/2019",9.15520186271429,7.346701388611117
"4/22/2020",11.319537814714268,10.824872528809527
"4/23/2018",6.710606060545447,11.331840276916646
"4/23/2019",8.545312499625004,10.670381944999992
"4/23/2020",18.34568040571431,28.73486364428569
"4/24/2018",8.2738636365,9.701874999416667
"4/24/2019",8.770267896999986,8.38506944483332
"4/24/2020",14.330751811666646,27.006139396744167
"4/25/2018",3.572095959666669,5.768402777833333
"4/25/2019",11.610451390000001,16.090312500000003
"4/25/2020",10.214062500499999,19.17925097136361
"4/26/2018",8.832742061818188,5.293159722333331
"4/26/2019",6.040443104428576,9.076828703055565
"4/26/2020",6.888690476142858,5.928380714886367
"4/27/2018",4.570893719666668,6.334045139000003
"4/27/2019",3.922458333333332,2.958831018611105
"4/27/2020",10.593694444416675,12.188662577954547
"4/28/2018",3.4299319728571422,2.3586877042500034
"4/28/2019",4.687137681124996,4.0344061996111105
"4/28/2020",12.39613095242857,21.064512434772755
"4/29/2018",4.895833333272722,3.011736111083341
"4/29/2019",9.511309523857154,13.10519675927776
"4/29/2020",6.815104166750009,11.789275637886362
"4/3/2018",8.334960317499998,21.278263889999987
"4/3/2019",8.513861110833323,13.95110416649997
"4/3/2020",11.163138888583335,10.409427965404776
"4/30/2018",6.592857142285713,7.396996527833328
"4/30/2019",10.640165843416671,19.319673410000046
"4/30/2020",4.240298309249996,1.0520084824090892
"4/4/2018",4.703055555499999,7.688472222333335
"4/4/2019",10.666071428571426,16.788312183999995
"4/4/2020",4.339880952428561,12.995932034119045
"4/5/2018",9.111227272454544,9.095208333500002
"4/5/2019",20.247023808571434,26.214666668000024
"4/5/2020",4.000000000142854,5.3006768446666594
"4/6/2018",8.696527777166668,25.53006944499999
"4/6/2019",25.885097222499944,57.7742708330001
"4/6/2020",7.960314009999994,12.023118128857131
"4/7/2018",5.440277777666669,4.015173611166664
"4/7/2019",13.188690477142874,28.756635416499964
"4/7/2020",11.657660454714298,25.86272509476194
"4/8/2018",6.874636363636366,10.978055555000006
"4/8/2019",7.14322916625,13.040218749199989
"4/8/2020",11.003387916428542,26.676004783704524
"4/9/2018",9.859027777333333,13.857326389999997
"4/9/2019",5.134728535333331,4.313416078850007
"4/9/2020",4.15687499999999,4.987815441179989
"5/1/2018",10.628611112166668,10.654045139249996
"5/1/2019",7.838690476285709,14.505891203333325
"5/1/2020",8.257812500874975,7.3839192752727305
"5/10/2018",6.625595238142857,15.42300595285714
"5/10/2019",4.83541666675,3.222812500055557
"5/10/2020",4.263690476142869,7.005932629818161
"5/11/2018",4.900746556636362,7.71383207100001
"5/11/2019",5.450595238142856,5.302418981388889
"5/11/2020",6.687131518571422,5.24362741993181
"5/12/2018",7.539880952285715,18.765260416666667
"5/12/2019",4.415432367083335,6.038032407388882
"5/12/2020",6.256556763249998,11.611066919909144
"5/13/2018",8.150694444000003,18.514670140000003
"5/13/2019",6.869729437285724,7.565914352111109
"5/13/2020",7.5505952380000085,8.536362786818172
"5/14/2018",10.626030302999999,25.753218084999997
"5/14/2019",10.195119047999995,14.05210648261111
"5/14/2020",9.247619047142866,17.30979863068179
"5/15/2018",7.501281045833334,20.845260416666676
"5/15/2019",12.601180554999978,18.26974180777779
"5/15/2020",8.327444444416646,12.32063113636363
"5/16/2018",7.014285714857148,8.883593750416674
"5/16/2019",12.919047619999997,22.014305554999993
"5/16/2020",7.949999999428573,14.506293662363626
"5/17/2018",12.137235537454545,22.793958335
"5/17/2019",7.030952381000003,10.056550925999995
"5/17/2020",7.981547618571426,16.59111783488374
"5/18/2018",7.004166666714282,11.225121528333338
"5/18/2019",9.59342156883332,9.162673611111115
"5/18/2020",6.728115338416661,19.130463317142794
"5/19/2018",13.358928571166677,22.42334353083335
"5/19/2019",6.826562499624991,13.18847222261111
"5/19/2020",6.68988888888887,12.220014735954503
"5/2/2018",9.081513773818187,14.644583333333324
"5/2/2019",6.866190476285711,8.67839120405556
"5/2/2020",9.553125000374994,9.713357007863632
"5/20/2018",3.628303030272728,13.97102430500001
"5/20/2019",3.717965367857143,2.476843413055555
"5/20/2020",6.972619048571429,8.703768660444442
"5/21/2018",10.543750000499996,16.50383680666666
"5/21/2019",4.345925504999998,2.9898495370000013
"5/21/2020",7.750128623333321,7.219657792200004
"5/22/2018",10.479166666166664,26.32053819333332
"5/22/2019",10.164285712857144,5.881712962888883
"5/22/2020",9.2942708325,20.479687976400005
"5/23/2018",9.202881543000004,28.077638890000028
"5/23/2019",6.255387445999998,5.362627314833337
"5/23/2020",7.630952381428568,14.067426947979165
"5/24/2018",12.247006556142846,20.917552082499988
"5/24/2019",8.773381312750017,5.932777777722216
"5/24/2020",8.939847222499997,11.236088173729156
"5/25/2018",11.35482026183333,15.824765625625
"5/25/2019",8.78511904771429,11.68570527166667
"5/25/2020",7.594047618999985,10.102406922749987
"5/26/2018",9.646219697272729,17.38005060583333
"5/26/2019",8.533333332857142,9.074722222055545
"5/26/2020",9.579816017857146,10.010597201187501
"5/27/2018",16.08999819666666,19.47013888833332
"5/27/2019",9.558060185833325,9.242488426500016
"5/27/2020",11.68630555524998,12.923366835958326
"5/28/2018",14.68547979833334,24.854791667500027
"5/28/2019",7.979843631285716,13.414097222055556
"5/28/2020",6.91707221699999,9.84061522318751
"5/29/2018",10.240440711818184,19.214982639999974
"5/29/2019",10.407044512714297,15.828182869999983
"5/29/2020",5.794701086875015,4.240794821791652
"5/3/2018",8.567602656666667,13.349083019999998
"5/3/2019",3.2005535714166657,3.767152777777782
"5/3/2020",5.9661079059166555,9.081746685090929
"5/30/2018",9.825875605000004,24.632048610833333
"5/30/2019",8.116783730000007,11.944745370388901
"5/30/2020",5.885055555499988,4.923599045250027
"5/31/2018",8.99488656683333,9.55649305516666
"5/31/2019",9.410884352857144,9.829917327722224
"5/31/2020",3.9940476191428496,2.3943467652916652
"5/4/2018",7.084027777166674,9.463524305499991
"5/4/2019",9.181770832875008,5.699488895444447
"5/4/2020",2.340476190428567,1.6698448102954555
"5/5/2018",8.480575757272723,14.924131944166646
"5/5/2019",11.016666665714295,16.756537082777772
"5/5/2020",4.255729166625013,5.84502367429545
"5/6/2018",8.87291666716667,18.17300431916665
"5/6/2019",7.248263888916659,10.841575297611106
"5/6/2020",4.824805555583329,2.952316449068187
"5/7/2018",8.464281400500003,8.623715278250003
"5/7/2019",5.2758281574285775,6.274490202277776
"5/7/2020",5.125,7.742930871227263
"5/8/2018",8.357181818454546,11.930815973333347
"5/8/2019",7.769967532428572,6.336770832888889
"5/8/2020",3.412500000000004,2.4001300837045423
"5/9/2018",10.604687500375004,13.797881944166667
"5/9/2019",7.567722221999986,16.878194444999995
"5/9/2020",5.203916666583342,3.606304769840897
"6/1/2018",7.063681159454545,12.077204862250015
"6/1/2019",12.156122449000005,20.677560956666643
"6/1/2020",6.0148809521428594,5.4478436006860465
"6/10/2018",12.632121211545453,32.85209821499997
"6/10/2019",7.736309522857145,10.309047979900006
"6/10/2020",8.545238094857131,9.613697953783767
"6/11/2018",10.650000000499999,24.591294642142874
"6/11/2019",8.653916666666674,7.703000946999983
"6/11/2020",4.9406666666666545,1.93345483004651
"6/12/2018",14.961111111666659,31.97736979125001
"6/12/2019",7.5754528369999985,7.428096358399999
"6/12/2020",6.7259057971428415,4.525643859048776
"6/13/2018",9.26743939427274,22.86692708437498
"6/13/2019",5.631469979285714,3.8439994457500024
"6/13/2020",4.434375000000001,2.667539414371428
"6/14/2018",10.119642857142855,8.455442708500003
"6/14/2019",6.500875,7.159906250150012
"6/14/2020",4.4179444444166736,4.030989343828574
"6/15/2018",12.119696970000001,10.683789062875002
"6/15/2019",12.60297619,15.91072916665
"6/15/2020",6.584704968999994,4.40626124342857
"6/16/2018",13.925893939090905,18.011569790625003
"6/16/2019",10.350595237571438,20.479356707500024
"6/16/2020",9.98047916662498,9.65420929022856
"6/17/2018",14.056615063333325,27.512319407499984
"6/17/2019",9.372430554999987,12.319333965000018
"6/17/2020",10.803513889166657,19.59286736397296
"6/18/2018",10.970039681499989,23.303437499374997
"6/18/2019",12.929547618142845,17.142657197409097
"6/18/2020",13.56093750125003,15.479942176942862
"6/19/2018",8.608397891909094,10.844244791437482
"6/19/2019",13.132812500374994,19.59602726954547
"6/19/2020",19.796056548750013,22.24100550428572
"6/2/2018",5.623854166625001,4.7832812500000115
"6/2/2019",6.9130000000000065,11.947629419611102
"6/2/2020",8.274208333333336,8.931859224249989
"6/20/2018",11.078472221166676,21.632493056666686
"6/20/2019",7.847755952750011,11.180074085772729
"6/20/2020",15.901372474166646,28.198077862571463
"6/21/2018",11.153472222666652,32.28652233055556
"6/21/2019",8.560416665500005,13.390220509090904
"6/21/2020",10.273095238142872,14.9190152838919
"6/22/2018",6.051632231363643,13.970107120722206
"6/22/2019",8.495857143714288,10.272317997090893
"6/22/2020",9.433107472571413,17.782853262432425
"6/23/2018",8.047023810000006,12.19152777722222
"6/23/2019",8.650252526083326,13.546336459409078
"6/23/2020",6.384736714999997,5.658054430028574
"6/24/2018",9.045138888999995,15.897511575000001
"6/24/2019",6.695238096142852,10.386349431863643
"6/24/2020",6.65458074528572,6.876718056459459
"6/25/2018",8.048196969727265,15.311293981666642
"6/25/2019",7.362724180714285,5.441780704772723
"6/25/2020",8.173597779571416,7.206445025108105
"6/26/2018",9.579861110499989,19.480613426111127
"6/26/2019",8.65038405791666,6.145658508181831
"6/26/2020",9.322934524500008,16.049132695542852
"6/27/2018",9.279917183857135,12.594460944111121
"6/27/2019",8.717701863428577,10.583935262409083
"6/27/2020",6.889583333374996,10.093767485028597
"6/28/2018",13.939545454545453,34.63347222222224
"6/28/2019",10.94583333428572,10.261935605136351
"6/28/2020",10.981162465142866,15.204011930810836
"6/29/2018",12.261050724666672,19.155087331666667
"6/29/2019",12.266361110833335,16.040642045000062
"6/29/2020",16.8935619783333,14.689010050371445
"6/3/2018",6.086805555666668,12.024670138583337
"6/3/2019",5.1395186334285725,2.8148294752777754
"6/3/2020",7.363690475857129,7.480965891638875
"6/30/2018",13.767361113333342,20.174416034999986
"6/30/2019",13.45952380899999,15.662220469545469
"6/30/2020",13.170833333285703,10.140711478171436
"6/4/2018",5.009716732454542,3.084715428916666
"6/4/2019",11.824261904285716,12.558745111833346
"6/4/2020",10.49464285714285,12.82628520916667
"6/5/2018",5.723437500000001,5.390416666499996
"6/5/2019",7.166742149750008,12.04396633016668
"6/5/2020",10.046000000833343,14.554648500472153
"6/6/2018",8.331573499428572,10.072249999399993
"6/6/2019",12.0291666675,20.734382177222198
"6/6/2020",9.041145832874987,15.13318602686108
"6/7/2018",9.049742424545455,18.30749999999998
"6/7/2019",10.352976190428565,16.1823979865
"6/7/2020",7.198214285857147,14.738814366944423
"6/8/2018",9.064656433166665,14.91772040999999
"6/8/2019",9.793124999999998,12.238343363888871
"6/8/2020",7.749791667166685,8.866121020771452
"6/9/2018",11.041666667166666,23.186211826428565
"6/9/2019",11.05297619000002,15.193910840555567
"6/9/2020",8.223268397142864,10.555948706540564
"7/1/2018",13.863638528181811,21.521770833125007
"7/1/2019",9.62093685242856,10.8349779460909
"7/1/2020",11.078571427571413,21.34477081853842
"7/10/2018",8.70200000027272,15.106425498749969
"7/10/2019",11.589880951428585,20.884579028636374
"7/10/2020",6.274999999857155,9.197197783255808
"7/11/2018",8.817756647142847,21.764952652545464
"7/11/2019",7.9424444449999925,6.566729166450012
"7/11/2020",6.780888888833327,5.909596911418601
"7/12/2018",13.348538962857152,20.955153503500004
"7/12/2019",9.798369564857147,6.749187500150005
"7/12/2020",5.364880952285716,5.239369112634154
"7/13/2018",15.417318181818175,28.133141252777786
"7/13/2019",11.349404761857148,10.584937499999993
"7/13/2020",6.040584415571428,4.319020135146346
"7/14/2018",10.222619048571431,19.270144346299972
"7/14/2019",10.111083333333335,12.807239582999992
"7/14/2020",7.222366545916633,7.396640186093009
"7/15/2018",13.69206349216666,29.830231481666644
"7/15/2019",10.11899350771428,7.7218437500500015
"7/15/2020",10.450944896142866,13.670734851266648
"7/16/2018",9.026945193545458,30.617125692499965
"7/16/2019",11.21094720285715,8.668715600449993
"7/16/2020",7.488798701857122,10.694446550302317
"7/17/2018",4.865502070285714,9.750175588050007
"7/17/2019",12.992588675833337,15.192419172999964
"7/17/2020",8.404564009500012,12.507194390931813
"7/18/2018",5.666938405833324,3.1992073863500026
"7/18/2019",10.14485930757143,10.924598786499997
"7/18/2020",13.83571428471431,15.864396360250007
"7/19/2018",8.158743801909068,7.553458333400013
"7/19/2019",12.192025162500007,15.951552083500005
"7/19/2020",7.452976190428576,9.054847893476177
"7/2/2018",5.542261904857146,6.561093749875002
"7/2/2019",11.11177777833333,18.6651285159091
"7/2/2020",11.740152778333323,14.104094647205152
"7/20/2018",8.642361109999994,11.144708334000004
"7/20/2019",9.422361111083337,11.781435813499966
"7/20/2020",5.337240337833328,5.207685469260865
"7/21/2018",7.117361111166663,13.637739582999997
"7/21/2019",6.532683982714287,5.708398716900002
"7/21/2020",6.7047619047142755,5.548810551931815
"7/22/2018",9.891333333,19.882250000000003
"7/22/2019",5.411038960857145,3.9150049819000046
"7/22/2020",7.219047618857158,10.590196859681821
"7/23/2018",12.428194443333341,28.673465908636373
"7/23/2019",8.792449550166662,10.346041666999989
"7/23/2020",4.758805555499992,4.434172487818174
"7/24/2018",10.729861111166667,16.04256628818181
"7/24/2019",7.714154071142861,11.432270832850017
"7/24/2020",8.041829004000009,9.14093156186363
"7/25/2018",7.347976284545456,11.618693181500001
"7/25/2019",9.100315124571432,10.457208333349994
"7/25/2020",12.75535714285715,22.38998767931819
"7/26/2018",4.587711352666662,6.3666249999
"7/26/2019",12.7064657525,16.74120833300001
"7/26/2020",6.2947500000000165,12.730455241727274
"7/27/2018",4.079166666666666,5.646608809454546
"7/27/2019",7.16488095328572,23.11601041649998
"7/27/2020",6.377023809428561,5.803826861749992
"7/28/2018",7.3606969696363596,10.554070075590909
"7/28/2019",7.324080085714286,20.226679860999997
"7/28/2020",6.125703463571424,4.5929694976086965
"7/29/2018",9.077657004333332,17.9102881209091
"7/29/2019",8.411,23.621445346499964
"7/29/2020",6.869833333583319,6.2588740508478455
"7/3/2018",13.51424663283334,10.543667151500001
"7/3/2019",10.12797618985715,10.264096947318182
"7/3/2020",15.969642858571408,22.15467054589746
"7/30/2018",9.82963768166667,16.431478078636363
"7/30/2019",5.740963203428582,8.232228197299994
"7/30/2020",4.807812500000003,6.8714849175652
"7/31/2018",10.544893939090901,17.366479742727293
"7/31/2019",3.944412878875002,1.880868849399997
"7/31/2020",5.007142857142858,5.008634243652181
"7/4/2018",13.799950413636358,22.02451388944444
"7/4/2019",19.86259523857145,14.302773760000019
"7/4/2020",28.300338792857172,28.466078850302996
"7/5/2018",11.624948240428555,35.06709876500005
"7/5/2019",11.57219444416666,28.898770517727176
"7/5/2020",18.859805555833365,39.691446250571374
"7/6/2018",4.0715383968571395,6.627754629666667
"7/6/2019",17.669047618571447,26.94262767681818
"7/6/2020",16.148214285714285,25.990900306571447
"7/7/2018",6.442608695636362,4.332766203055552
"7/7/2019",14.506547617142868,41.9283143931818
"7/7/2020",14.276190475714284,24.645965717142822
"7/8/2018",10.457870371166676,8.679440104187497
"7/8/2019",9.909466787750011,17.213749999227264
"7/8/2020",10.14719444441667,14.253962451951185
"7/9/2018",10.445723683666662,12.266818576875002
"7/9/2019",16.02760416749999,17.663276514545483
"7/9/2020",13.3761904761429,49.51374567863416
"8/1/2018",13.541111111166652,26.595491901818193
"8/1/2019",5.893208333333336,5.774272480272732
"8/1/2020",5.855541666666647,8.323558402782595
"8/10/2018",10.81577380957144,25.276105993333328
"8/10/2019",8.265168300583335,8.225193452299992
"8/10/2020",8.120321608916669,16.103691055488955
"8/11/2018",11.441666667571425,17.567074652916688
"8/11/2019",9.800595238142863,10.024766667050006
"8/11/2020",7.185714285714284,10.762332726022203
"8/12/2018",17.024790552727264,33.56171006958334
"8/12/2019",13.498214283285723,22.789579860999982
"8/12/2020",9.1922619052857,7.822531310363644
"8/13/2018",16.738728039999994,30.60976562458336
"8/13/2019",11.147875000000003,21.21524755150004
"8/13/2020",8.244555555249999,7.92536295708891
"8/14/2018",19.595119048571405,39.010373263750076
"8/14/2019",9.57141774942858,9.300330681799993
"8/14/2020",9.649537036222197,9.938462962444444
"8/15/2018",17.658899209090904,29.392125239166656
"8/15/2019",7.142719780714287,6.014922622249998
"8/15/2020",12.739814814444458,17.33220510873336
"8/16/2018",13.673882850000004,16.042844480833335
"8/16/2019",7.973430555833335,9.12255208314999
"8/16/2020",7.021375000083359,6.149981312688895
"8/17/2018",9.06111111166666,14.21484375029167
"8/17/2019",8.111979166624984,12.169198214349999
"8/17/2020",8.150103519571408,6.907143756081631
"8/18/2018",14.031287878181795,22.698940972083285
"8/18/2019",6.640476189857145,6.6167111742499936
"8/18/2020",5.529686335285709,3.754382888686281
"8/19/2018",16.8925,34.90532986125001
"8/19/2019",8.63272222225,7.0110669642999826
"8/19/2020",5.471736111166658,3.655855067509813
"8/2/2018",10.092346939142859,19.074820955909086
"8/2/2019",8.533020049000008,6.147741847899998
"8/2/2020",8.028571428571427,13.262256813543475
"8/20/2018",15.51666666833332,32.896664264999984
"8/20/2019",10.115476192857138,13.248804364849997
"8/20/2020",7.498084886142864,7.666250183000005
"8/21/2018",13.82400000090909,23.597873263333376
"8/21/2019",8.350162337714282,10.827507363699983
"8/21/2020",9.295238096142878,9.078573655156864
"8/22/2018",11.146666666571432,22.9629852425
"8/22/2019",6.429839372000004,7.481643280272714
"8/22/2020",9.918078282833308,11.618139513843163
"8/23/2018",12.217915497999995,21.191156209166675
"8/23/2019",4.585714285571429,1.200821338409091
"8/23/2020",11.588095237571467,17.221684359215686
"8/24/2018",10.931444903909107,24.216156917916603
"8/24/2019",6.054166666571425,2.912206439454546
"8/24/2020",12.468737059714275,21.030831311897934
"8/25/2018",17.165972221666678,34.919289117916726
"8/25/2019",7.023486111083347,6.536839040545466
"8/25/2020",9.696347222250013,13.88030093941181
"8/26/2018",14.918750001666663,45.0438171795833
"8/26/2019",6.936620082714285,9.485447482136374
"8/26/2020",14.570634920000057,23.272692946274496
"8/27/2018",16.98505332545455,41.289039414166595
"8/27/2019",6.458928571428577,6.581037878818179
"8/27/2020",8.73697916749999,12.308151010215692
"8/28/2018",9.408363526666665,19.115608653749984
"8/28/2019",4.686347222249993,3.0178736472272694
"8/28/2020",9.750049603000017,7.112993871254913
"8/29/2018",5.575517597999995,6.601493055541658
"8/29/2019",6.160526068714286,6.350378472045453
"8/29/2020",7.589880953000008,7.490015080117665
"8/3/2018",9.860470131272738,22.195331438636384
"8/3/2019",11.844047618142849,10.607276515999999
"8/3/2020",4.892857142857143,6.69700312297826
"8/30/2018",6.046434782636355,5.828142360999995
"8/30/2019",6.599526515124993,4.149924333999999
"8/30/2020",2.9963203464285746,2.6658466526470557
"8/31/2018",9.139285713857147,16.045477430000002
"8/31/2019",6.23995833333334,4.4814015149999955
"8/31/2020",8.182190656916655,5.392084495941165
"8/4/2018",12.400421728571414,18.674209644090915
"8/4/2019",10.064199494416663,11.410520833699985
"8/4/2020",3.3398677535833388,1.3323463356304373
"8/5/2018",11.569444444999991,21.551222323333313
"8/5/2019",11.509103640000001,16.425716667499994
"8/5/2020",6.71639904487501,6.263351298826084
"8/6/2018",8.454467940181818,15.908116319583314
"8/6/2019",6.775595238142859,6.781126968000005
"8/6/2020",7.287721416999979,7.181092202195657
"8/7/2018",10.10532212842858,22.744165925416684
"8/7/2019",10.221504629166674,13.934024620454593
"8/7/2020",11.210590580000028,14.630146316478212
"8/8/2018",9.951373624714293,22.525052085000027
"8/8/2019",7.328775147285722,8.021124689900004
"8/8/2020",10.604761904857146,13.61096532006665
"8/9/2018",9.711490358181827,23.603671874166654
"8/9/2019",7.238409090500008,5.300931250199998
"8/9/2020",9.041666667142852,16.35347711800001
"9/1/2018",8.606472222833329,16.839774305833327
"9/1/2019",9.854166666714292,9.603167814730762
"9/1/2020",5.954626532999992,8.816557997509804
"9/10/2018",3.5085144930000025,4.06355034695833
"9/10/2019",12.44148351714284,17.184671474230765
"9/10/2020",1.7136904761428564,3.420893229187501
"9/11/2018",7.952075757545444,12.397809027208325
"9/11/2019",14.95132783857144,27.317940705384604
"9/11/2020",4.947704081428578,6.282873835499993
"9/12/2018",6.525595237571426,8.999398880391299
"9/12/2019",8.140707125583337,10.501268479346184
"9/12/2020",6.5494047622857074,16.794565213479196
"9/13/2018",7.040972222833336,10.94817934834783
"9/13/2019",7.563690476714285,8.701237179461554
"9/13/2020",5.3339285708571476,5.933016552104169
"9/14/2018",11.744560605454549,22.44820077583335
"9/14/2019",6.857571428999997,3.3633683068846167
"9/14/2020",7.519642858142838,11.540034200816333
"9/15/2018",8.168055554999993,36.617482639166646
"9/15/2019",8.51073611166667,7.966763870807706
"9/15/2020",7.426190475714274,9.191699130711537
"9/16/2018",7.7965277771666655,48.25474826458334
"9/16/2019",8.694642857571422,18.559193910384618
"9/16/2020",7.8726966868571315,9.456081355384608
"9/17/2018",12.565090909090904,12.604053819583312
"9/17/2019",10.669047619000002,21.05618990321427
"9/17/2020",6.180952380999996,8.594312422903851
"9/18/2018",6.003472222166661,14.575607638749988
"9/18/2019",10.636638889166669,15.251575854999995
"9/18/2020",3.848809523999997,1.077360165173076
"9/19/2018",7.105811688571426,6.448463541583341
"9/19/2019",9.28739648,10.750300000269226
"9/19/2020",8.078571428714293,5.00221438353847
"9/2/2018",6.813257575454543,10.082994791541674
"9/2/2019",12.106547618571419,24.191878858461504
"9/2/2020",5.8327380944285645,16.093895357860024
"9/20/2018",11.474683196363623,31.135052082916673
"9/20/2019",15.68229107714284,26.215191545000035
"9/20/2020",9.948214286142843,12.488552957538468
"9/21/2018",7.667532467571419,14.468611110833319
"9/21/2019",11.056416666666639,33.70224309999998
"9/21/2020",5.973214285857135,4.724283630692306
"9/22/2018",4.0861111109999975,1.4701909722500015
"9/22/2019",7.603571428571435,13.928782241785713
"9/22/2020",9.6516045562857,10.057203695826932
"9/23/2018",7.521272727272736,11.464782985666647
"9/23/2019",5.730724167285716,3.389578956607143
"9/23/2020",11.584199133857167,19.542251488211498
"9/24/2018",9.171376811666669,13.920625000416665
"9/24/2019",7.379805555583344,7.100942803464262
"9/24/2020",10.633928569999965,15.693272539557704
"9/25/2018",7.047916666833344,15.891904920416671
"9/25/2019",7.621428571428569,9.206928571535713
"9/25/2020",9.359253246285746,14.58485981217307
"9/26/2018",4.714818181727275,4.352514204500006
"9/26/2019",5.534027091624993,1.719469376607142
"9/26/2020",8.576785714285727,13.61535392557693
"9/27/2018",5.530744949666666,9.240284090545453
"9/27/2019",4.992236111083334,5.944974154071446
"9/27/2020",10.466666665285729,16.13322400788463
"9/28/2018",4.666666666666667,6.404612346909091
"9/28/2019",5.79999999985714,5.963916008428567
"9/28/2020",4.5017857142857185,3.584696921961544
"9/29/2018",4.822727272727275,4.25293560613636
"9/29/2019",7.34702381042857,8.035969529607147
"9/29/2020",3.404166666714288,2.467713946140004
"9/3/2018",7.284027777833341,6.088532986125005
"9/3/2019",8.484499999166665,13.653601365000004
"9/3/2020",5.072089461249991,6.57551839988001
"9/30/2018",6.759027777666674,10.865587120499999
"9/30/2019",11.696194444416673,22.77476714678563
"9/30/2020",4.3559523808571265,2.5853765769807735
"9/4/2018",9.336986715000002,12.502717014125004
"9/4/2019",5.401889233999998,6.3061263736153865
"9/4/2020",4.474285714142846,2.4365137989791656
"9/5/2018",8.449348484545453,14.740607640416648
"9/5/2019",7.072291666249997,3.7161847332692344
"9/5/2020",5.048809523428564,4.950729434959996
"9/6/2018",5.4539761905714315,5.470005025666668
"9/6/2019",7.083596404916666,9.132916666384626
"9/6/2020",5.105286897571443,8.558928895187494
"9/7/2018",6.893759057999998,9.903428819541666
"9/7/2019",6.100595238,3.912008928576924
"9/7/2020",2.921428571571432,8.484213186130441
"9/8/2018",3.27572727272727,6.277161458166688
"9/8/2019",4.7458333334285765,5.00261523415385
"9/8/2020",3.166226035857135,2.202925927541663
"9/9/2018",2.623611111,5.796510416791675
"9/9/2019",10.710984776083334,11.42463301334614
"9/9/2020",4.582142857142856,4.708018138666678
